,year,k_8,9_12
0,2011,95.2,91.3
1,2012,95.5,91.9
2,2013,95.365703749231,92.338375466224
3,2014,95.526144574187,92.149580259475
4,2015,95.327704879123,91.760549933167
5,2016,95.374601622177,91.615155947718
6,2017,94.78221339215,91.024267548558
