,Social Services,year
0,6004962.8100000005,2010
1,6236577.649999999,2011
2,7377443.87,2012
3,7520121.79,2013
4,7528804.55,2014
5,7487716.24,2015
6,6551174.26,2016
7,6527352.57,2017
8,6922072.5600000005,2018
9,6882350.24,2019
10,6861397.71,2020
11,5598992.7,2021
